Thr	PIEC1-Micro	PIEC2-Micro	MLN-EC-Micro	PIEC1-Macro	PIEC2-Macro	MLN-EC-Macro
0.1	0.1583140	0.1612670	0.1918370	0.1163010	0.1174200	0.1634870
0.2	0.2040460	0.2111930	0.2607420	0.1464380	0.1513480	0.2442440
0.3	0.2383360	0.2426270	0.2696330	0.1874070	0.1945150	0.2562590
0.4	0.3426610	0.3426610	0.4266760	0.2347560	0.2347560	0.2883590
0.5	0.5685510	0.5685510	0.5989530	0.3361350	0.3361350	0.3630050
0.6	0.7886410	0.7900370	0.8929100	0.4148050	0.4166680	0.4359650
0.7	0.8580610	0.8580610	0.8938550	0.4293400	0.4293400	0.4304000
0.8	0.8986320	0.8986320	0.8943720	0.5281830	0.5281830	0.5275540
0.9	0.9000830	0.9000830	0.8937730	0.5345640	0.5345640	0.5323010
