Thr	PIEC1-Micro	PIEC2-Micro	MLN-EC-Micro	PIEC1-Macro	PIEC2-Macro	MLN-EC-Macro
0.1	0.9977910	0.9977910	0.7448920	0.5182190	0.5182190	0.2627330
0.2	0.9690780	0.9856430	0.7338490	0.4608470	0.4736840	0.2611360
0.3	0.9646600	0.9812260	0.7261180	0.4527410	0.4655780	0.2594900
0.4	0.9668690	0.9668690	0.7101050	0.4003150	0.4003150	0.2550270
0.5	0.9663170	0.9663170	0.6951960	0.4728740	0.4728740	0.2973170
0.6	0.9353950	0.9370510	0.6675870	0.4812740	0.4830170	0.3240150
0.7	0.8845940	0.8845940	0.6184430	0.3861060	0.3861060	0.2756790
0.8	0.6167860	0.6167860	0.5704030	0.3377600	0.3377600	0.3019270
0.9	0.5969080	0.5969080	0.5389290	0.3344740	0.3344740	0.3150570
