Thr	PIEC1-Micro	PIEC2-Micro	MLN-EC-Micro	PIEC1-Macro	PIEC2-Macro	MLN-EC-Macro
0.1	0.2732700	0.2776580	0.3051000	0.1529120	0.1547210	0.1653580
0.2	0.3371110	0.3478520	0.3847720	0.1917050	0.1994530	0.2192410
0.3	0.3822340	0.3890530	0.3932420	0.2333340	0.2424990	0.2237730
0.4	0.5059960	0.5059960	0.5330570	0.2814150	0.2814150	0.2563750
0.5	0.7158930	0.7158930	0.6434960	0.3835920	0.3835920	0.3188710
0.6	0.8557720	0.8572870	0.7639810	0.4350540	0.4368540	0.3648750
0.7	0.8711260	0.8711260	0.7310710	0.3948300	0.3948300	0.3281770
0.8	0.7314990	0.7314990	0.6965610	0.3892330	0.3892330	0.3613290
0.9	0.7177960	0.7177960	0.6724080	0.3905950	0.3905950	0.3763210
