Thr	PIEC1-Micro	PIEC2-Micro	MLN-EC-Micro	PIEC1-Macro	PIEC2-Macro	MLN-EC-Macro
0.1	1.0000000	1.0000000	0.7264030	0.8947370	0.8947370	0.6470580
0.2	1.0000000	1.0000000	0.5975770	0.8947370	0.8947370	0.5537080
0.3	0.9237880	0.9237880	0.5720660	0.8094030	0.8094030	0.5378660
0.4	0.8459820	0.8482140	0.5717470	0.7608980	0.7624140	0.5372240
0.5	0.7783800	0.7783800	0.5707910	0.7455550	0.7455550	0.5604130
0.6	0.7120540	0.7177930	0.5698340	0.7093570	0.7408750	0.5928070
0.7	0.6552930	0.6712370	0.5691960	0.6679950	0.6883650	0.5923800
0.8	0.6272320	0.6342470	0.5676020	0.6439090	0.6484660	0.5908650
0.9	0.6045920	0.6045920	0.5615430	0.6206020	0.6206020	0.5871770
