Thr	PIEC1-Micro	PIEC2-Micro	MLN-EC-Micro	PIEC1-Macro	PIEC2-Macro	MLN-EC-Macro
0.1	0.2314390	0.2314390	0.2200750	0.3156500	0.3156500	0.3008930
0.2	0.2552080	0.2552080	0.2296010	0.3174500	0.3174500	0.2775940
0.3	0.2786920	0.2787180	0.3664960	0.3246590	0.3246590	0.4734290
0.4	0.3134080	0.3143460	0.4127530	0.3613960	0.3663670	0.5144660
0.5	0.3353020	0.3353020	0.4573330	0.4058880	0.4058880	0.5898130
0.6	0.4224370	0.4285990	0.6341380	0.4648430	0.4961000	0.7423920
0.7	0.5052860	0.5194970	0.6350050	0.5377540	0.5487080	0.7433750
0.8	0.5699800	0.5766890	0.6382220	0.6238060	0.6300710	0.7438650
0.9	0.6617800	0.6617800	0.6786130	0.7212190	0.7212190	0.7681800
