Thr	PIEC1-Micro	PIEC2-Micro	MLN-EC-Micro	PIEC1-Macro	PIEC2-Macro	MLN-EC-Macro
0.1	0.3758840	0.3758840	0.3378060	0.4169810	0.4169810	0.3600200
0.2	0.4066390	0.4066390	0.3317410	0.4182850	0.4182850	0.3146350
0.3	0.4282020	0.4282330	0.4467680	0.4076440	0.4076440	0.3926110
0.4	0.4573740	0.4586990	0.4794110	0.4112710	0.4136360	0.4181370
0.5	0.4687020	0.4687020	0.5078020	0.4280920	0.4280920	0.4561040
0.6	0.5302780	0.5367190	0.6002690	0.4750950	0.5077620	0.5725180
0.7	0.5705950	0.5856990	0.6003020	0.5149300	0.5276630	0.5725790
0.8	0.5972370	0.6041000	0.6008440	0.5506060	0.5558890	0.5723980
0.9	0.6318950	0.6318950	0.6145520	0.5871330	0.5871330	0.5865950
