Thr	PIEC1-Micro	PIEC2-Micro	LoMRF-Micro	PIEC1-Macro	PIEC2-Macro	LoMRF-Macro
0.1	0.2557240	0.2557240	0.4889730	0.1933580	0.1933580	0.3069550
0.2	0.2767780	0.2696960	0.4853040	0.2097820	0.2004070	0.3035210
0.3	0.3137110	0.3137110	0.4787880	0.2221630	0.2221630	0.2951220
0.4	0.3363860	0.3363860	0.4674140	0.2315950	0.2315950	0.2747960
0.5	0.3545450	0.3545450	0.4538900	0.2412290	0.2412290	0.2470890
0.6	0.3853630	0.3853630	0.4840560	0.2460720	0.2460720	0.2221340
0.7	0.4379650	0.4379650	0.4553070	0.2167930	0.2167930	0.1227660
0.8	0.4922050	0.4922050	0.4468690	0.1793140	0.1793140	0.1222700
0.9	0.6446760	0.6446760	0.7982460	0.1495870	0.1495870	0.1662340
